dataset	richness	neutral	phylogenetic
EHI02081	15	5.112629371830428	3.9915254857703
EHI02112	9	4.871072393339611	1.3672979228806639
EHI02087	10	5.029139897820021	1.3923529963669388
EHI02118	4	3.2135121844868095	3.1978008454961313
EHI02084	14	5.5955432211222895	4.0984543172496455
EHI02090	9	5.100536987130199	1.3797599229768238
