dataset	richness	neutral	phylogenetic
EHI02088	108	53.188553429540036	7.2357362255841595
EHI02079	106	49.895730936273694	5.526681435458081
EHI02067	107	53.23941901524495	7.097181426704584
EHI02105	89	47.5926518031387	6.904108313203411
EHI02097	106	49.91050927667697	5.534211019726604
EHI02065	106	50.329037300111736	5.576830483735726
