dataset	richness	neutral	phylogenetic
EHI02126	10	7.302050814809133	2.951849161343202
EHI02077	38	19.573220915640235	3.179594999268922
EHI02069	37	13.754722861870908	3.522834431705771
EHI02076	38	18.85426532887919	3.0179341818292245
EHI02120	25	16.052936020380983	2.8527575365018065
EHI02093	34	14.628963007433564	3.5695668611360856
