dataset	richness	neutral	phylogenetic
EHI02094	86	30.27813613048043	4.44395001933233
EHI02083	90	33.53057628861436	4.661066669215097
EHI02072	75	35.91170034105412	4.936037262856363
EHI02102	67	35.32145374742017	4.829969239147838
EHI02091	60	34.364188798153556	4.940674944952375
EHI02071	86	31.072139011676004	4.493054512024057
