dataset	richness	neutral	phylogenetic
EHI02086	84	36.714316597518874	6.777194460492309
EHI02116	36	24.302164642659317	4.706587632132002
EHI02101	58	33.86632918021295	5.260166428402103
EHI02073	82	36.80198827988212	6.788802948517596
EHI02110	84	39.88203037187116	5.590522598102534
EHI02114	81	36.00339749877401	6.600632744939489
