dataset	richness	neutral	phylogenetic
EHI02085	40	20.892139755468396	5.6609840044134945
EHI02109	4	3.4278324256350117	3.156725662802253
EHI02095	40	20.652631400244157	5.59902225306594
EHI02104	41	20.467205279844304	5.673808619872273
EHI02128	1	1	1
EHI02115	4	3.4490353369581563	3.2790464090898497
