dataset	richness	neutral	phylogenetic
EHI02092	88	43.60332221877165	5.6235674092539565
EHI02075	88	43.18956252791403	5.632975526821789
EHI02113	81	42.572867595875486	5.377066829452221
EHI02066	67	31.515129825986644	5.131638993757553
EHI02119	41	24.699579006232728	4.737793201438974
EHI02123	33	20.184755278208534	4.996194860802836
