dataset	richness	neutral	phylogenetic
EHI02089	62	32.367408422865466	5.806537384024628
EHI02096	153	85.901334569509	6.4699485753046835
EHI02068	93	32.31220833840519	6.0620486499555355
EHI02080	97	47.01418625103578	5.052439416607929
EHI02078	95	55.45122004328624	5.094173441802515
EHI02070	97	40.03497591259066	6.361873760155776
